"title","author","isbn","rating","updated_at","review"
"The Power of Now","Eckhart Tolle","1577314808","9","2024-06-11T15:07:19.519Z","The Power of Now is a transformative book that encourages readers to live in the present moment. Eckhart Tolle presents powerful concepts and practical advice on how to overcome the ego and embrace the 'now.' His teachings are profound yet accessible, making this book a valuable resource for anyone seeking spiritual growth and inner peace."
"To Kill a Mockingbird","Harper Lee","9780060935467","10","2024-06-11T15:07:19.519Z","To Kill a Mockingbird is a timeless novel that delves into the heart of human morality and justice. Through the eyes of Scout Finch, Harper Lee explores the racial prejudices and social injustices of the American South. The characters are vividly portrayed, and the narrative is both poignant and powerful, leaving a lasting impact on readers."
"1984","George Orwell","9780451524935","9","2024-06-11T15:07:19.519Z","1984 is a chilling depiction of a totalitarian regime that controls every aspect of life. George Orwell's dystopian vision is disturbingly relevant even today. The novel's exploration of themes such as surveillance, propaganda, and individualism makes it a compelling and thought-provoking read. Orwell's stark prose and gripping storyline keep readers engaged from start to finish."
"The Great Gatsby","F. Scott Fitzgerald","9780743273565","8","2024-06-11T15:07:19.519Z","The Great Gatsby captures the essence of the Jazz Age and the American dream. F. Scott Fitzgerald's lyrical writing brings to life the opulent world of Jay Gatsby and his unrequited love for Daisy Buchanan. The novel is a poignant exploration of wealth, ambition, and the elusive nature of happiness. Its themes are timeless, and its characters are unforgettable."
"Pride and Prejudice","Jane Austen","9780141439518","9","2024-06-11T15:07:19.519Z","Pride and Prejudice is a delightful exploration of love, class, and social expectations. Jane Austen's wit and keen observations make this novel a joy to read. The characters, especially Elizabeth Bennet and Mr. Darcy, are wonderfully complex and their evolving relationship is both entertaining and insightful. This classic romance continues to charm readers with its timeless appeal."
"The Catcher in the Rye","J.D. Salinger","9780316769488","7","2024-06-11T15:07:19.519Z","The Catcher in the Rye is a poignant story of teenage angst and rebellion. J.D. Salinger's protagonist, Holden Caulfield, grapples with the challenges of adolescence and the hypocrisy he perceives in the adult world. The novel's candid and introspective narrative voice makes it a compelling read, resonating deeply with those who have experienced similar struggles."
"The Hobbit","J.R.R. Tolkien","9780547928227","9","2024-06-11T15:07:19.519Z","The Hobbit is a captivating tale of adventure and fantasy. J.R.R. Tolkien's richly imagined world of Middle-earth and the journey of Bilbo Baggins is a story that has delighted readers for generations. The novel's blend of whimsy, danger, and heroism creates an enchanting narrative that appeals to readers of all ages. Tolkien's masterful storytelling and intricate world-building are truly unparalleled."
"Fahrenheit 451","Ray Bradbury","9781451673319","8","2024-06-11T15:07:19.519Z","Fahrenheit 451 is a thought-provoking novel about censorship and the power of literature. Ray Bradbury's dystopian world, where books are banned and 'firemen' burn them, is a chilling reminder of the dangers of suppressing knowledge and free thought. The protagonist, Guy Montag, undergoes a profound transformation as he discovers the value of books and independent thinking. Bradbury's eloquent prose and vivid imagery make this novel a compelling and important read."
"Moby-Dick","Herman Melville","9780142437247","7","2024-06-11T15:07:19.519Z","Moby-Dick is a complex and ambitious work that explores themes of obsession, revenge, and humanity. Herman Melville's narrative follows Captain Ahab's relentless pursuit of the white whale, Moby-Dick. The novel's rich symbolism, philosophical musings, and detailed descriptions of whaling life create a dense but rewarding reading experience. It is a monumental work that offers deep insights into the human condition."
"War and Peace","Leo Tolstoy","9780199232765","10","2024-06-11T15:07:19.519Z","War and Peace is an epic novel that intertwines historical events with the lives of several families during the Napoleonic era. Leo Tolstoy's masterful storytelling captures the complexity of human emotions and the impact of war on society. The novel's vast scope, intricate character development, and philosophical depth make it a literary masterpiece. It is a profound exploration of love, loss, and the search for meaning in a tumultuous world."
