"id","book_id","note"
"1","1","Idea: The mind is a powerful tool that can be both a servant and a master."
"2","1","Quote: 'Realize deeply that the present moment is all you have.'"
"3","1","Idea: The importance of disidentifying from the mind to find inner peace."
"4","1","Quote: 'The primary cause of unhappiness is never the situation but your thoughts about it.'"
"5","1","Idea: Accepting the present moment as it is can lead to true happiness."
"6","1","Quote: 'Life is now. There was never a time when your life was not now, nor will there ever be.'"
"7","1","Idea: The concept of the 'pain-body' and how it feeds on negative emotions."
"8","1","Quote: 'To realize that you are not your thoughts is when you begin to awaken spiritually.'"
"9","1","Idea: The difference between clock time and psychological time."
"10","1","Quote: 'Whatever you think the world is withholding from you, you are withholding from the world.'"
"11","2","Quote: 'You never really understand a person until you consider things from his point of view.'"
"12","2","Idea: The innocence of childhood and the loss of it."
"13","2","Quote: 'People generally see what they look for, and hear what they listen for.'"
"14","2","Idea: The moral nature of human beings and the struggle between good and evil."
"15","2","Quote: 'The one thing that doesn’t abide by majority rule is a person’s conscience.'"
"16","2","Idea: The impact of racism and prejudice on a community."
"17","2","Quote: 'Mockingbirds don’t do one thing but make music for us to enjoy.'"
"18","2","Idea: The role of empathy in human relationships."
"19","2","Quote: 'I wanted you to see what real courage is, instead of getting the idea that courage is a man with a gun in his hand.'"
"20","2","Idea: The importance of moral education and standing up for what is right."
"21","3","Quote: 'War is peace. Freedom is slavery. Ignorance is strength.'"
"22","3","Idea: The dangers of totalitarianism and oppressive government control."
"23","3","Quote: 'Big Brother is watching you.'"
"24","3","Idea: The manipulation of truth and the rewriting of history."
"25","3","Quote: 'In the face of pain there are no heroes.'"
"26","3","Idea: The role of technology in monitoring and controlling society."
"27","3","Quote: 'Doublethink means the power of holding two contradictory beliefs in one’s mind simultaneously, and accepting both of them.'"
"28","3","Idea: The loss of individuality and personal freedom under a repressive regime."
"29","3","Quote: 'If you want a picture of the future, imagine a boot stamping on a human face—forever.'"
"30","3","Idea: The importance of independent thought and resistance against conformity."
"31","4","Quote: 'So we beat on, boats against the current, borne back ceaselessly into the past.'"
"32","4","Idea: The American dream and its corruption by wealth and materialism."
"33","4","Quote: 'Gatsby believed in the green light, the orgastic future that year by year recedes before us.'"
"34","4","Idea: The hollowness of the upper class and the superficiality of social interactions."
"35","4","Quote: 'I hope she’ll be a fool—that’s the best thing a girl can be in this world, a beautiful little fool.'"
"36","4","Idea: The impact of the past on the present and the impossibility of recapturing it."
"37","4","Quote: 'They’re a rotten crowd. You’re worth the whole damn bunch put together.'"
"38","4","Idea: The pursuit of love and the idealization of the past."
"39","4","Quote: 'There are only the pursued, the pursuing, the busy, and the tired.'"
"40","4","Idea: The emptiness and moral decay behind the facade of glamour and excess."
"41","5","Quote: 'It is a truth universally acknowledged, that a single man in possession of a good fortune, must be in want of a wife.'"
"42","5","Idea: The social expectations and pressures surrounding marriage."
"43","5","Quote: 'I could easily forgive his pride, if he had not mortified mine.'"
"44","5","Idea: The importance of first impressions and their potential to be misleading."
"45","5","Quote: 'Till this moment I never knew myself.'"
"46","5","Idea: The development of mutual respect and understanding in relationships."
"47","5","Quote: 'You have bewitched me, body and soul.'"
"48","5","Idea: The role of social class and economic stability in romantic decisions."
"49","5","Quote: 'Vanity and pride are different things, though the words are often used synonymously.'"
"50","5","Idea: The transformation of characters through personal growth and self-awareness."
"51","6","Quote: 'The mark of the immature man is that he wants to die nobly for a cause, while the mark of the mature man is that he wants to live humbly for one.'"
"52","6","Idea: Holden's struggle with the phoniness of the adult world."
"53","6","Quote: 'Don't ever tell anybody anything. If you do, you start missing everybody.'"
"54","6","Idea: The theme of isolation and the fear of intimacy."
"55","6","Quote: 'People always clap for the wrong things.'"
"56","6","Idea: The innocence of childhood and the desire to protect it."
"57","6","Quote: 'The best thing, though, in that museum was that everything always stayed right where it was.'"
"58","6","Idea: The significance of the red hunting hat as a symbol of individuality."
"59","6","Quote: 'What I have to do, I have to catch everybody if they start to go over the cliff.'"
"60","6","Idea: Holden's unrealistic fantasy of being the 'catcher in the rye' and its implications."
"61","7","Quote: 'In a hole in the ground there lived a hobbit.'"
"62","7","Idea: Bilbo's transformation from a timid hobbit to a brave adventurer."
"63","7","Quote: 'There is more in you of good than you know, child of the kindly West.'"
"64","7","Idea: The theme of heroism and personal growth through adversity."
"65","7","Quote: 'So comes snow after fire, and even dragons have their endings.'"
"66","7","Idea: The importance of friendship and loyalty in the face of danger."
"67","7","Quote: 'It does not do to leave a live dragon out of your calculations, if you live near him.'"
"68","7","Idea: The significance of the journey motif and its transformative power."
"69","7","Quote: 'If more of us valued food and cheer and song above hoarded gold, it would be a merrier world.'"
"70","7","Idea: The critique of greed and the corrupting influence of treasure."
"71","8","Quote: 'It was a pleasure to burn.'"
"72","8","Idea: The role of censorship and the suppression of dissenting ideas."
"73","8","Quote: 'There must be something in books, things we can’t imagine, to make a woman stay in a burning house; there must be something there. You don’t stay for nothing.'"
"74","8","Idea: The dehumanizing effects of technology and mass media."
"75","8","Quote: 'We need not to be let alone. We need to be really bothered once in a while. How long is it since you were really bothered? About something important, about something real?'"
"76","8","Idea: The rediscovery of literature and critical thinking as a means of personal and societal redemption."
"77","8","Quote: 'There is more than one way to burn a book. And the world is full of people running about with lit matches.'"
"78","8","Idea: The importance of memory and history in preserving human culture."
"79","8","Quote: 'Stuff your eyes with wonder, live as if you’d drop dead in ten seconds. See the world. It’s more fantastic than any dream made or paid for in factories.'"
"80","8","Idea: Montag's journey from ignorance to enlightenment and the role of mentors in this transformation."
"81","9","Quote: 'Call me Ishmael.'"
"82","9","Idea: The obsession and monomania of Captain Ahab."
"83","9","Quote: 'From hell’s heart I stab at thee; for hate’s sake I spit my last breath at thee.'"
"84","9","Idea: The symbolism of the white whale and its multiple interpretations."
"85","9","Quote: 'I know not all that may be coming, but be it what it will, I’ll go to it laughing.'"
"86","9","Idea: The interplay between fate and free will in the narrative."
"87","9","Quote: 'It is not down on any map; true places never are.'"
"88","9","Idea: The existential and philosophical questions raised by the novel."
"89","9","Quote: 'The sea had jeeringly kept his finite body up, but drowned the infinite of his soul.'"
"90","9","Idea: The theme of revenge and its consuming nature."
"91","10","Quote: 'We can know only that we know nothing. And that is the highest degree of human wisdom.'"
"92","10","Idea: The impact of historical events on personal lives."
"93","10","Quote: 'The strongest of all warriors are these two — Time and Patience.'"
"94","10","Idea: The philosophical exploration of free will versus determinism."
"95","10","Quote: 'If everyone fought for their own convictions there would be no war.'"
"96","10","Idea: The complexity of human nature and moral ambiguity."
"97","10","Quote: 'The whole world is divided for me into two parts: one is she, and there is all happiness, hope, light; the other is where she is not, and there is dejection and darkness.'"
"98","10","Idea: The search for meaning and spiritual fulfillment in life."
"99","10","Quote: 'Everything I know, I know because of love.'"
"100","10","Idea: The interweaving of personal narratives with grand historical events."
